person_name,movie_title,release_year,role,genre
Tom Cruise,Top Gun: Maverick,2022,Pete Mitchell,Action
Jennifer Connelly,Top Gun: Maverick,2022,Penny Benjamin,Action
Miles Teller,Top Gun: Maverick,2022,Bradley Bradshaw,Action
Keanu Reeves,The Matrix,1999,Neo,Sci-Fi
Laurence Fishburne,The Matrix,1999,Morpheus,Sci-Fi
Carrie-Anne Moss,The Matrix,1999,Trinity,Sci-Fi
Margot Robbie,Barbie,2023,Barbie,Comedy
Ryan Gosling,Barbie,2023,Ken,Comedy
Cillian Murphy,Oppenheimer,2023,J. Robert Oppenheimer,Biography
Emily Blunt,Oppenheimer,2023,Kitty Oppenheimer,Biography
Robert Downey Jr.,Oppenheimer,2023,Lewis Strauss,Biography
Matt Damon,The Diamond Protocol,2018,Sarah Connor,Thriller
Lupita Nyong'o,Miami Dreams,2021,Victoria Fox,Romance
Viggo Mortensen,Beyond Boston,2019,Samuel Brooks,Sci-Fi
Zoe Saldana,The Tokyo Conspiracy,1999,Maria Garcia,Mystery
Maggie Smith,Midnight in Diamond,1994,Michael Chen,Mystery
Emma Stone,The Cairo Conspiracy,2010,Sarah Connor,Mystery
Cillian Murphy,Dark Legacy,2021,Rachel Green,Drama
Elizabeth Olsen,Midnight in Mumbai,2018,Rachel Green,Thriller
Gal Gadot,Paris Legacy,2008,Diana Ross,Drama
Sean Astin,Boston Wars,2014,Catherine Bell,War
Charlize Theron,The Dark Conspiracy,1992,John Williams,Drama
Anne Hathaway,The Seattle Protocol,2003,Rebecca Lane,Action
Ernie Hudson,Edge of Diamond,2013,Peter Grant,Sci-Fi
Charlize Theron,The Last Phoenix,2000,Marcus Black,Drama
Jake Gyllenhaal,Storm Forever,1997,Kate Wilson,Comedy
Sandra Bullock,Beyond Light,2008,Isabella Cruz,Adventure
Jamie Lee Curtis,Edge of Golden,2017,Sophia Wells,Sci-Fi
Harold Ramis,Cairo Forever,2008,Diana Ross,Comedy
Jason Momoa,The Water Chronicles,2005,Samuel Brooks,Fantasy
Elizabeth Olsen,The Atlas Chronicles,2024,Rebecca Lane,Action
Mark Hamill,City of Phoenix,2022,Kevin Adams,Drama
Julia Roberts,City of Thunder,2024,Laura White,Drama
Kate Winslet,The Cairo Chronicles,2005,James Anderson,Action
Julia Roberts,Return to Phoenix,1993,John Williams,Drama
Emily Blunt,Return to Paris,2002,Sophie Davis,Mystery
Michelle Yeoh,Thunder Legacy,2018,Sophie Davis,Adventure
Ezra Miller,The Crystal Protocol,2022,Rachel Green,Sci-Fi
Daniel Radcliffe,Sydney Rising,2009,Jack Mitchell,Action
Sandra Bullock,The Secret Water,2017,Jack Mitchell,Mystery
James Hong,The Last Diamond,2002,Andrew Long,Drama
Hugo Weaving,The Last Miami,2004,Thomas Reed,Drama
Ian McKellen,The Last Dark,1998,Amanda Hill,Drama
Benedict Cumberbatch,The Shadow Affair,1990,Nina Patel,Drama
Leonardo DiCaprio,The Manhattan Conspiracy,1995,Steven King,Thriller
Tom Holland,Return to Golden,2011,Marcus Black,Thriller
Gal Gadot,The Wind Protocol,2010,Sarah Connor,Sci-Fi
Viggo Mortensen,Midnight in Steel,2020,Emma Clarke,Mystery
Zoe Saldana,Seattle Legacy,2022,Steven King,Drama
Amy Adams,The Diamond Conspiracy,2012,Steven King,Mystery
Letitia Wright,Edge of Phoenix,1990,Robert Miller,Thriller
Winston Duke,The Last Chicago,2004,Anna Johnson,Historical
Carrie-Anne Moss,Golden Shadows,1998,Paul Jackson,Horror
Emma Watson,The Last Iron,2009,Victoria Fox,Historical
John Boyega,The Cairo Conspiracy,2010,Rachel Green,Mystery
Charlize Theron,The London Chronicles,2010,James Anderson,Fantasy
Ezra Miller,Golden Wars,2009,Lisa Martinez,War
Hugh Jackman,Moscow Legacy,1994,Chris Brown,Adventure
Bill Murray,Cairo Legacy,2009,Alex Turner,Drama
Jake Gyllenhaal,The Thunder Affair,2023,Paul Jackson,Mystery
Al Pacino,Beyond Fire,2002,Peter Grant,Sci-Fi
Sally Field,Dark Dreams,2019,Nina Patel,Fantasy
Dan Aykroyd,The Water Project,2013,Thomas Reed,Drama
Ke Huy Quan,The Last Berlin,1995,David Stone,Historical
Robert De Niro,The Water Protocol,1999,Sophia Wells,Sci-Fi
Daniel Radcliffe,The Thunder Project,2022,Laura White,Sci-Fi
Robin Williams,The Crystal Protocol,2022,Kevin Adams,Sci-Fi
Samuel L. Jackson,The Chicago Project,2017,Lisa Martinez,Sci-Fi
Lupita Nyong'o,Steel Rising,2013,David Stone,Thriller
Denzel Washington,Golden Shadows,1998,Sophia Wells,Horror
Zoe Saldana,Phoenix Forever,1997,Michael Chen,Comedy
Ryan Gosling,Edge of Sydney,1991,James Anderson,Thriller
Tom Hardy,City of Sydney,2013,Rachel Green,Drama
Oscar Isaac,The Atlas Affair,2011,Brian Scott,Drama
Dan Aykroyd,The Diamond Project,2023,Nathan Drake,Sci-Fi
Chris Evans,Beyond Sydney,2021,Thomas Reed,Sci-Fi
Daniel Radcliffe,City of Shadow,1999,Isabella Cruz,Drama
Hugo Weaving,The Last Seattle,2008,Nina Patel,Drama
Dan Aykroyd,The Wind Affair,2024,Rachel Green,Drama
Kate Winslet,Venice Legacy,2000,Kate Wilson,Action
Samuel L. Jackson,City of Miami,2016,Michael Chen,Drama
Domhnall Gleeson,The Seattle Heist,2022,Samuel Brooks,Thriller
Chris Pratt,The Sydney Heist,2004,Paul Jackson,Thriller
Zendaya,Wind Legacy,2001,Thomas Reed,Action
Robin Williams,The Venice Conspiracy,2005,Isabella Cruz,Mystery
Jennifer Lawrence,Beyond Diamond,2007,Paul Jackson,Fantasy
Maggie Smith,The Sydney Project,2011,Jessica Lee,Sci-Fi
Matt Williams,The Secret London,2010,Steven King,Mystery
Laurence Fishburne,The Seattle Project,1994,Nina Patel,Sci-Fi
James Hong,Wind Forever,2016,Alex Turner,Drama
Elijah Wood,Sydney Legacy,2017,Rebecca Lane,Drama
Dan Aykroyd,The Tokyo Heist,2001,Sophie Davis,Crime
Andy Serkis,Mumbai Forever,2023,Jack Mitchell,Comedy
Tom Hanks,The Berlin Chronicles,2004,Steven King,Action
Will Smith,Sydney Wars,2012,Maria Garcia,War
Morgan Freeman,Edge of Diamond,2013,Chris Brown,Sci-Fi
Sean Astin,Mumbai Forever,2023,Kevin Adams,Comedy
Paul Rudd,The Last Steel,1992,Grace Taylor,Historical
Rupert Grint,Edge of Miami,2013,Lisa Martinez,Thriller
Cillian Murphy,The Golden Conspiracy,2017,Jack Mitchell,Mystery
Sean Astin,Beyond Light,2008,Catherine Bell,Adventure
Scarlett Johansson,Water Dreams,1990,Lisa Martinez,Romance
Jake Gyllenhaal,The Seattle Chronicles,2002,Paul Jackson,Fantasy
Winston Duke,Crystal Wars,1994,Kevin Adams,Drama
Matt Damon,Atlas Nights,2002,Victoria Fox,Drama
Anne Hathaway,The Last Iron,2009,Rachel Green,Historical
Chris Hemsworth,Storm Wars,2022,Lisa Martinez,Action
Emma Watson,The Last Miami,2004,Victoria Fox,Drama
Elijah Wood,Manhattan Wars,2004,Maria Garcia,War
Stephanie Hsu,Venice Legacy,2000,Samuel Brooks,Action
Letitia Wright,The Seattle Heist,2022,Brian Scott,Thriller
Jada Pinkett Smith,Storm Wars,2022,Nathan Drake,Action
Will Smith,The Silver Project,2018,James Anderson,Sci-Fi
Hugo Weaving,Beyond Light,2008,Daniel Moore,Adventure
Brad Pitt,The Crystal Project,2016,Amanda Hill,Sci-Fi
Zendaya,The Secret Silver,1992,Andrew Long,Mystery
Bill Murray,Wind Wars,1997,Nina Patel,War
Johnny Depp,The Secret Steel,2008,Catherine Bell,Mystery
Bill Murray,Edge of Cairo,1994,James Anderson,Thriller
Pierce Brosnan,The Last Light,2000,Grace Taylor,War
Amy Adams,The Sydney Affair,2020,Nathan Drake,Drama
Christian Bale,The Boston Chronicles,2014,Thomas Reed,Action
Emma Stone,The Phoenix Affair,1990,Brian Scott,Romance
Morgan Freeman,The Crystal Chronicles,2018,Robert Miller,Fantasy
Harold Ramis,Storm Forever,1997,Grace Taylor,Comedy
Morgan Freeman,City of Seattle,2022,Victoria Fox,Drama
Vin Diesel,Beyond Atlas,2018,Sophia Wells,Adventure
Jamie Lee Curtis,Wind Shadows,2018,Isabella Cruz,Horror
Samuel L. Jackson,The Tokyo Affair,2020,Daniel Moore,Romance
Anne Hathaway,Boston Legacy,2022,Maria Garcia,Action
Rupert Grint,Manhattan Rising,2011,Nina Patel,Action
Danai Gurira,Iron Nights,2013,John Williams,Comedy
Cate Blanchett,The Miami Conspiracy,1994,Lisa Martinez,Thriller
Ian McKellen,Edge of Manhattan,2001,Thomas Reed,Action
Sean Astin,Golden Shadows,1998,Laura White,Horror
Zendaya,Sydney Rising,2009,Brian Scott,Action
Dwayne Johnson,The Secret Iron,2003,John Williams,Thriller
Oscar Isaac,The Secret Iron,2003,Sophie Davis,Thriller
Lupita Nyong'o,The Silver Protocol,2018,Laura White,Sci-Fi
Lupita Nyong'o,The Steel Heist,2004,Nina Patel,Thriller
Scarlett Johansson,Midnight in Paris,1996,James Anderson,Mystery
Emily Blunt,Chicago Shadows,2021,Samuel Brooks,Mystery
Pierce Brosnan,Beyond Phoenix,2001,Chris Brown,Sci-Fi
Florence Pugh,The Paris Affair,1995,Brian Scott,Mystery
Nicole Kidman,Venice Dreams,2021,Robert Miller,Fantasy
Anne Hathaway,Seattle Nights,2001,Victoria Fox,Comedy
Jason Statham,City of Fire,2003,Amanda Hill,Drama
Adam Driver,The Last Sydney,2014,Sarah Connor,Drama
Rupert Grint,The Cairo Affair,2009,Lisa Martinez,Drama
Sally Field,The Light Protocol,1995,Rebecca Lane,Sci-Fi
Chris Hemsworth,The Diamond Project,2023,Isabella Cruz,Sci-Fi
Ernie Hudson,London Rising,1991,Rachel Green,Action
Sandra Bullock,The Silver Protocol,2018,David Stone,Sci-Fi
Nicole Kidman,Beyond Diamond,2007,Emma Clarke,Fantasy
Chris Hemsworth,The Manhattan Protocol,1996,Samuel Brooks,Thriller
Mark Ruffalo,Edge of Seattle,1998,Maria Garcia,Thriller
Tom Cruise,The Last Thunder,1994,Sophie Davis,War
Daniel Radcliffe,Atlas Shadows,2014,Henry Ford,Thriller
Robert De Niro,Return to Golden,2011,Sophia Wells,Thriller
Scarlett Johansson,The Secret Shadow,2019,James Anderson,Mystery
Laurence Fishburne,Iron Wars,2007,Brian Scott,War
Samuel L. Jackson,The Moscow Heist,2020,Jack Mitchell,Thriller
Domhnall Gleeson,The Light Project,2017,Alex Turner,Sci-Fi
Rupert Grint,Silver Rising,2023,James Anderson,Action
Kate Winslet,The Sydney Project,2011,Jack Mitchell,Sci-Fi
Lupita Nyong'o,Midnight in Venice,2016,John Williams,Horror
Brad Pitt,Return to Phoenix,1993,Peter Grant,Drama
Johnny Depp,Paris Forever,2018,Brian Scott,Drama
Jada Pinkett Smith,The Miami Affair,2020,Anna Johnson,Mystery
Elijah Wood,Cairo Wars,2001,Amanda Hill,War
Charlize Theron,The Secret Wind,2024,Nina Patel,Thriller
Christian Bale,Return to Tokyo,2004,Emma Clarke,Thriller
Margot Robbie,Iron Wars,2007,John Williams,War
Hugh Jackman,Beyond Iron,2006,Jack Mitchell,Sci-Fi
Elijah Wood,The Wind Affair,2024,Anna Johnson,Drama
James Hong,The Venice Project,2009,Kate Wilson,Thriller
Michael B. Jordan,The Last Thunder,1994,Nina Patel,War
Domhnall Gleeson,The Last Shadow,2019,Victoria Fox,War
Matt Williams,The Storm Protocol,2010,Nathan Drake,Sci-Fi
Robert De Niro,Wind Dreams,1992,Sophia Wells,Fantasy
Jada Pinkett Smith,The Last Mumbai,2013,David Stone,Drama
Tom Holland,Midnight in Storm,1998,Daniel Moore,Mystery
Charlize Theron,Return to Cairo,1995,Laura White,Mystery
Michael B. Jordan,Shadow Forever,2015,Samuel Brooks,Drama
Mark Ruffalo,City of Wind,2017,Olivia Hunt,Drama
Ryan Gosling,Thunder Nights,1990,Brian Scott,Romance
Jason Statham,The Secret Shadow,2019,Lisa Martinez,Mystery
Amy Adams,Return to Manhattan,1990,Catherine Bell,Mystery
Robert Downey Jr.,The Last Mumbai,2013,Rachel Green,Drama
Florence Pugh,The Secret Light,1999,Henry Ford,Thriller
Christian Bale,Midnight in Golden,2013,Sophie Davis,Horror
John Boyega,The Seattle Affair,1996,James Anderson,Drama
Emma Watson,Edge of Manhattan,2001,Steven King,Action
Lupita Nyong'o,City of Miami,2016,Marcus Black,Drama
Robert Downey Jr.,The Tokyo Project,2006,Daniel Moore,Thriller
Orlando Bloom,London Forever,1998,Marcus Black,Comedy
Michael B. Jordan,The Dark Conspiracy,1992,Thomas Reed,Drama
Nicole Kidman,The Last Golden,2001,Brian Scott,Drama
Matthew Broderick,City of Phoenix,2022,Laura White,Drama
Al Pacino,Diamond Wars,2007,Nina Patel,Action
Dwayne Johnson,The Golden Chronicles,1992,Andrew Long,Fantasy
Paul Rudd,The Atlas Heist,1998,Olivia Hunt,Crime
John Boyega,Wind Nights,2001,Jack Mitchell,Romance
Julia Roberts,The Secret Chicago,2020,John Williams,Drama
Scarlett Johansson,The Last Boston,1999,David Stone,Historical
Samuel L. Jackson,The Shadow Conspiracy,2000,Robert Miller,Mystery
Tom Hanks,Water Wars,2024,Peter Grant,War
John Boyega,The Secret Phoenix,1997,Rebecca Lane,Thriller
Hugo Weaving,Return to Paris,2002,Brian Scott,Mystery
Chris Evans,Mumbai Forever,2023,Alex Turner,Comedy
Vin Diesel,Crystal Shadows,2023,Isabella Cruz,Horror
Jada Pinkett Smith,Chicago Forever,1996,Nina Patel,Romance
Jamie Lee Curtis,City of Mumbai,2011,Amanda Hill,Thriller
Scarlett Johansson,Midnight in Light,2007,Andrew Long,Thriller
Tom Hardy,Midnight in Atlas,2022,Victoria Fox,Mystery
Oscar Isaac,Beyond Light,2008,Laura White,Adventure
Cillian Murphy,Midnight in Sydney,2011,Chris Brown,Horror
Jamie Lee Curtis,The Mumbai Conspiracy,1993,Alex Turner,Thriller
Tom Hanks,Wind Forever,2016,Olivia Hunt,Drama
Scarlett Johansson,Return to Diamond,2001,Grace Taylor,Drama
Jamie Lee Curtis,Beyond Wind,2000,Lisa Martinez,Adventure
Ezra Miller,City of Storm,2022,Henry Ford,Crime
Hugo Weaving,The Wind Heist,2012,Michael Chen,Crime
Pierce Brosnan,Crystal Shadows,2023,Steven King,Horror
Jada Pinkett Smith,The Storm Heist,2011,Peter Grant,Thriller
Angelina Jolie,The Cairo Project,2007,Sophie Davis,Sci-Fi
Emma Stone,The Secret Boston,1999,Brian Scott,Mystery
Zoe Saldana,The Wind Affair,2024,Isabella Cruz,Drama
Michelle Yeoh,Wind Wars,1997,Robert Miller,War
Tom Hardy,Boston Dreams,2004,Emma Clarke,Drama
Scarlett Johansson,Return to Crystal,2011,Sarah Connor,Thriller
Sigourney Weaver,Crystal Shadows,2023,Chris Brown,Horror
Carrie Fisher,The Last Manhattan,1999,Laura White,War
Gal Gadot,Midnight in Mumbai,2018,Sophie Davis,Thriller
Julia Roberts,Return to Phoenix,1993,David Stone,Drama
Daisy Ridley,Edge of Water,2017,Samuel Brooks,Action
Will Smith,Light Legacy,1994,Isabella Cruz,Drama
Tom Holland,Moscow Wars,1998,Kate Wilson,Action
Nicole Kidman,Mumbai Shadows,2014,James Anderson,Horror
Matt Williams,Boston Shadows,2022,Robert Miller,Mystery
Michael B. Jordan,The Fire Affair,2002,John Williams,Romance
Chris Hemsworth,Storm Legacy,2024,Peter Grant,Drama
Ernie Hudson,Midnight in Crystal,2006,Sophia Wells,Mystery
Ian McKellen,Edge of Phoenix,1990,Andrew Long,Thriller
Letitia Wright,Paris Rising,2022,Sophie Davis,Sci-Fi
Sigourney Weaver,The Paris Heist,1996,Sophia Wells,Action
Tom Holland,Diamond Wars,2007,Nina Patel,Action
Elijah Wood,London Dreams,2020,Nina Patel,Romance
Kate Winslet,Light Forever,2010,Steven King,Drama
Zendaya,Edge of Manhattan,2001,Amanda Hill,Action
Ke Huy Quan,Beyond Crystal,2018,Daniel Moore,Sci-Fi
Carrie-Anne Moss,Beyond Fire,2002,John Williams,Sci-Fi
Ryan Gosling,City of Phoenix,2022,Isabella Cruz,Drama
Bill Murray,City of Steel,2010,Nathan Drake,Drama
Julia Roberts,City of Water,1999,Nathan Drake,Drama
Jamie Lee Curtis,The Last Tokyo,1994,Maria Garcia,Drama
Lupita Nyong'o,City of Seattle,2022,Nathan Drake,Drama
Dwayne Johnson,Return to Crystal,2011,David Stone,Thriller
Stephanie Hsu,The Venice Project,2009,Andrew Long,Thriller
Matt Damon,The Chicago Chronicles,1995,Nina Patel,Adventure
Zendaya,London Rising,1991,David Stone,Action
Hugh Jackman,Edge of Atlas,2024,Catherine Bell,Action
Gal Gadot,Tokyo Wars,1994,Thomas Reed,War
Elijah Wood,London Rising,1991,John Williams,Action
Ryan Reynolds,The Cairo Protocol,2004,Maria Garcia,Action
Florence Pugh,Midnight in Moscow,2014,Paul Jackson,Mystery
Margot Robbie,The London Heist,2024,Paul Jackson,Action
Tom Hanks,Beyond Golden,1994,Marcus Black,Sci-Fi
Carrie-Anne Moss,Miami Legacy,2006,Anna Johnson,Drama
Ryan Gosling,Wind Forever,2016,Chris Brown,Drama
Orlando Bloom,Diamond Rising,2020,Thomas Reed,Action
Al Pacino,London Nights,2007,Victoria Fox,Drama
Charlize Theron,City of Sydney,2013,Isabella Cruz,Drama
Letitia Wright,Beyond Cairo,1996,Grace Taylor,Sci-Fi
Jason Momoa,Midnight in Chicago,2021,Amanda Hill,Thriller
Al Pacino,Water Forever,2002,Catherine Bell,Romance
Jake Gyllenhaal,The Water Protocol,1999,Maria Garcia,Sci-Fi
Ryan Gosling,The Chicago Chronicles,1995,Isabella Cruz,Adventure
Emily Blunt,The Silver Project,2018,Lisa Martinez,Sci-Fi
Mark Ruffalo,The Shadow Chronicles,1992,Kevin Adams,Action
Vin Diesel,Steel Rising,2013,Daniel Moore,Thriller
John Boyega,The Boston Affair,1992,Catherine Bell,Drama
Matthew Broderick,City of Berlin,2013,Kevin Adams,Thriller
Lupita Nyong'o,The Paris Conspiracy,2013,Catherine Bell,Thriller
Pierce Brosnan,Phoenix Wars,1991,Robert Miller,Drama
Bill Murray,The Steel Heist,2004,Victoria Fox,Thriller
Lupita Nyong'o,Midnight in Boston,2022,Andrew Long,Horror
Timothée Chalamet,Golden Shadows,1998,Michael Chen,Horror
John Boyega,Thunder Dreams,1998,Samuel Brooks,Romance
Chris Evans,The Dark Conspiracy,1992,Emma Clarke,Drama
Amy Adams,The Atlas Project,2013,Henry Ford,Thriller
Elijah Wood,The Diamond Protocol,2018,Catherine Bell,Thriller
Sigourney Weaver,Beyond Golden,1994,Emma Clarke,Sci-Fi
Angelina Jolie,The Secret Silver,1992,Kate Wilson,Mystery
Tom Hardy,Mumbai Forever,2023,Andrew Long,Comedy
Lupita Nyong'o,City of Cairo,2014,Kate Wilson,Drama
Rupert Grint,Cairo Legacy,2009,Olivia Hunt,Drama
Harrison Ford,Steel Nights,2016,Peter Grant,Drama
Matt Williams,Light Shadows,1990,Daniel Moore,Mystery
Carrie-Anne Moss,Thunder Legacy,2018,Diana Ross,Adventure
Margot Robbie,The Sydney Protocol,1991,Daniel Moore,Action
Jake Gyllenhaal,City of Crystal,1990,John Williams,Thriller
Carrie-Anne Moss,Moscow Legacy,1994,Amanda Hill,Adventure
Johnny Depp,Return to Wind,1991,Steven King,Thriller
Emma Watson,City of Tokyo,1992,Andrew Long,Thriller
Zendaya,The Atlas Conspiracy,2024,Anna Johnson,Thriller
Ke Huy Quan,Edge of Mumbai,2003,Robert Miller,Thriller
Denzel Washington,The Tokyo Conspiracy,1999,Catherine Bell,Mystery
Zoe Saldana,Beyond Miami,2007,Samuel Brooks,Sci-Fi
Johnny Depp,City of Diamond,2015,Rachel Green,Thriller
Sandra Bullock,Midnight in Iron,2018,Maria Garcia,Mystery
James Hong,Shadow Forever,2015,Olivia Hunt,Drama
Ezra Miller,Beyond Sydney,2021,Diana Ross,Sci-Fi
Jake Gyllenhaal,Midnight in Crystal,2006,Anna Johnson,Mystery
Emily Blunt,Beyond Paris,2002,Diana Ross,Adventure
John Boyega,Wind Wars,1997,Sophie Davis,War
Ernie Hudson,The Miami Project,1999,Andrew Long,Thriller
Natalie Portman,City of Miami,2016,Olivia Hunt,Drama
Ezra Miller,Miami Wars,2022,Maria Garcia,War
James Hong,London Wars,2002,James Anderson,Drama
Nicole Kidman,The Secret Venice,2011,John Williams,Thriller
Benedict Cumberbatch,Edge of Mumbai,2003,Grace Taylor,Thriller
Leonardo DiCaprio,Beyond Steel,2008,Nina Patel,Fantasy
Al Pacino,The Secret Crystal,1998,Rachel Green,Mystery
Christian Bale,Return to Atlas,2011,John Williams,Thriller
Matthew Broderick,Manhattan Forever,1994,Sophia Wells,Romance
Pierce Brosnan,The Storm Protocol,2010,Victoria Fox,Sci-Fi
Zoe Saldana,The Steel Chronicles,1999,Anna Johnson,Action
Hugo Weaving,Fire Nights,2003,Alex Turner,Drama
Jamie Lee Curtis,The Thunder Protocol,2010,Lisa Martinez,Thriller
Orlando Bloom,The Wind Project,2023,James Anderson,Sci-Fi
Ian McKellen,The Last Manhattan,1999,Brian Scott,War
Sally Field,Midnight in Silver,2024,Amanda Hill,Thriller
Elijah Wood,Return to Tokyo,2004,Alex Turner,Thriller
Dan Aykroyd,Paris Forever,2018,Nina Patel,Drama
Adam Driver,The Moscow Conspiracy,2008,David Stone,Thriller
Bill Murray,Venice Rising,1993,Lisa Martinez,Sci-Fi
Ke Huy Quan,The Boston Heist,1998,Catherine Bell,Thriller
Robert Downey Jr.,Crystal Wars,1994,Marcus Black,Drama
Matt Williams,Dark Legacy,2021,James Anderson,Drama
Jada Pinkett Smith,Beyond Fire,2002,Emma Clarke,Sci-Fi
Meryl Streep,Edge of Sydney,1991,Amanda Hill,Thriller
Stephanie Hsu,The Mumbai Chronicles,2010,Sophia Wells,Adventure
Johnny Depp,Phoenix Forever,1997,Thomas Reed,Comedy
Matt Damon,The Sydney Heist,2004,Anna Johnson,Thriller
Al Pacino,Atlas Legacy,2021,James Anderson,Adventure
Mark Hamill,The Thunder Protocol,2010,Nina Patel,Thriller
Vin Diesel,The Manhattan Heist,1998,Rebecca Lane,Thriller
Meryl Streep,City of Seattle,2022,Henry Ford,Drama
Jake Gyllenhaal,The Water Heist,2009,Jessica Lee,Crime
Hugo Weaving,Return to Wind,1991,Peter Grant,Thriller
Vin Diesel,Paris Dreams,1996,Jack Mitchell,Fantasy
Maggie Smith,Return to Seattle,2021,Kate Wilson,Mystery
Andy Serkis,Light Legacy,1994,Rebecca Lane,Drama
Timothée Chalamet,Venice Rising,1993,John Williams,Sci-Fi
Ezra Miller,Berlin Wars,2009,Robert Miller,War
Hugo Weaving,The Last Iron,2009,Emma Clarke,Historical
Matt Williams,The Sydney Conspiracy,2005,Robert Miller,Thriller
Benedict Cumberbatch,The Fire Project,2002,Robert Miller,Sci-Fi
Ke Huy Quan,City of Wind,2017,Samuel Brooks,Drama
Tom Hanks,The Mumbai Heist,1991,Andrew Long,Thriller
Benedict Cumberbatch,The Secret Moscow,2017,Emma Clarke,Thriller
Denzel Washington,The Atlas Affair,2011,Henry Ford,Drama
Carrie Fisher,The Secret Water,2017,Sophie Davis,Mystery
Meryl Streep,Light Nights,1995,Sarah Connor,Romance
Brad Pitt,Seattle Dreams,2019,Diana Ross,Fantasy
Jennifer Lawrence,Midnight in Light,2007,John Williams,Thriller
Lupita Nyong'o,Midnight in Thunder,1991,Sarah Connor,Thriller
Oscar Isaac,The Secret Water,2017,Emma Clarke,Mystery
Scarlett Johansson,Fire Wars,1993,Victoria Fox,Action
Sean Astin,The Mumbai Chronicles,2010,Kate Wilson,Adventure
Florence Pugh,The Cairo Chronicles,2005,Steven King,Action
Lupita Nyong'o,The Light Conspiracy,2000,Paul Jackson,Thriller
Emily Blunt,Iron Wars,2007,Catherine Bell,War
Zendaya,City of Sydney,2013,Amanda Hill,Drama
Matt Williams,Midnight in Seattle,2007,John Williams,Horror
Lupita Nyong'o,Silver Rising,2023,Robert Miller,Action
Matt Damon,City of Fire,2003,Kate Wilson,Drama
Robert De Niro,Beyond Tokyo,1999,Nathan Drake,Adventure
Harold Ramis,Light Nights,1995,Andrew Long,Romance
Robert Downey Jr.,The Secret Mumbai,2021,Marcus Black,Mystery
Elijah Wood,Boston Dreams,2004,Chris Brown,Drama
John Boyega,Thunder Rising,1991,Henry Ford,Action
Stephanie Hsu,The Tokyo Conspiracy,1999,Lisa Martinez,Mystery
Matt Damon,Steel Forever,2006,David Stone,Romance
Dan Aykroyd,Return to Phoenix,1993,Victoria Fox,Drama
Denzel Washington,Iron Legacy,2004,Olivia Hunt,Drama
Zendaya,The Silver Project,2018,Diana Ross,Sci-Fi
Morgan Freeman,The Last Silver,2011,Samuel Brooks,Drama
Domhnall Gleeson,Midnight in Storm,1998,Kate Wilson,Mystery
Sandra Bullock,The Secret Boston,1999,Nina Patel,Mystery
Zoe Saldana,Miami Rising,2021,Nathan Drake,Sci-Fi
Paul Rudd,Midnight in Silver,2024,Alex Turner,Thriller
Zoe Saldana,Sydney Shadows,2024,Chris Brown,Mystery
Alan Rickman,The Paris Affair,1995,John Williams,Mystery
Tom Holland,The Secret Cairo,2009,Sophie Davis,Thriller
Ke Huy Quan,Atlas Legacy,2021,Lisa Martinez,Adventure
Matthew Broderick,The Moscow Affair,1999,Rachel Green,Romance
Ryan Gosling,The Cairo Project,2007,Olivia Hunt,Sci-Fi
Pierce Brosnan,Boston Nights,1998,Peter Grant,Comedy
Emily Blunt,Mumbai Forever,2023,Chris Brown,Comedy
Elijah Wood,Edge of Diamond,2013,Grace Taylor,Sci-Fi
Ian McKellen,The Secret London,2010,David Stone,Mystery
Maggie Smith,Midnight in Steel,2020,Alex Turner,Mystery
John Boyega,Wind Rising,2005,Isabella Cruz,Thriller
Mark Ruffalo,Crystal Shadows,2023,Grace Taylor,Horror
Jason Statham,Berlin Dreams,2024,Kevin Adams,Fantasy
Alan Rickman,Berlin Dreams,2024,Sarah Connor,Fantasy
Brad Pitt,City of Moscow,2000,Isabella Cruz,Thriller
Rupert Grint,Chicago Nights,2011,Peter Grant,Comedy
Ryan Gosling,Midnight in Paris,1996,Jessica Lee,Mystery
Michael B. Jordan,Beyond Iron,2006,Nina Patel,Sci-Fi
Michelle Yeoh,The Storm Heist,2011,Steven King,Thriller
Harrison Ford,Moscow Rising,2024,Jack Mitchell,Thriller
Ryan Reynolds,The Miami Conspiracy,1994,Samuel Brooks,Thriller
Cate Blanchett,The Miami Chronicles,1999,Peter Grant,Adventure
Tom Cruise,Light Legacy,1994,Daniel Moore,Drama
Danai Gurira,Return to Sydney,1991,Anna Johnson,Mystery
Meryl Streep,The Miami Protocol,1996,Sarah Connor,Thriller
Alan Rickman,The Boston Conspiracy,2005,Brian Scott,Thriller
Emily Blunt,Golden Shadows,1998,Jessica Lee,Horror
Danai Gurira,City of Paris,2011,Olivia Hunt,Drama
Amy Adams,The Golden Heist,2020,Sophie Davis,Action
Kate Winslet,Berlin Legacy,2019,Kate Wilson,Adventure
Ke Huy Quan,Return to Mumbai,1999,Kevin Adams,Mystery
Nicole Kidman,Golden Wars,2009,Nina Patel,War
Emma Watson,The Crystal Project,2016,Nina Patel,Sci-Fi
Julia Roberts,The Tokyo Protocol,2012,Brian Scott,Thriller
Julia Roberts,The Thunder Heist,1993,Lisa Martinez,Crime
Natalie Portman,Mumbai Wars,2015,Maria Garcia,War
Ke Huy Quan,Wind Nights,2001,Kevin Adams,Romance
Matthew Broderick,The Last Boston,1999,Emma Clarke,Historical
Gal Gadot,City of Thunder,2024,Anna Johnson,Drama
Al Pacino,Venice Legacy,2000,James Anderson,Action
Robert Downey Jr.,The Last Miami,2004,Samuel Brooks,Drama
Tom Holland,Midnight in Crystal,2006,Emma Clarke,Mystery
Sean Astin,City of Boston,1991,Emma Clarke,Crime
Winston Duke,Return to Diamond,2001,Henry Ford,Drama
Benedict Cumberbatch,Edge of Berlin,2017,John Williams,Thriller
Cillian Murphy,Fire Dreams,2011,Rachel Green,Fantasy
Dan Aykroyd,Return to Paris,2002,Lisa Martinez,Mystery
Vin Diesel,Edge of Venice,2015,Brian Scott,Sci-Fi
Jake Gyllenhaal,The Miami Conspiracy,1994,Isabella Cruz,Thriller
Letitia Wright,City of Diamond,2015,Rachel Green,Thriller
Cate Blanchett,The Water Affair,2022,Laura White,Mystery
Gal Gadot,The Secret Wind,2024,Lisa Martinez,Thriller
Cate Blanchett,The Last Thunder,1994,Jack Mitchell,War
Christian Bale,The Light Project,2017,Thomas Reed,Sci-Fi
Rupert Grint,The Diamond Chronicles,1992,Catherine Bell,Fantasy
Emma Stone,Golden Wars,2009,Lisa Martinez,War
Tom Cruise,The Water Project,2013,Laura White,Drama
Chris Evans,Cairo Dreams,1990,Samuel Brooks,Fantasy
Charlize Theron,The Tokyo Affair,2020,Brian Scott,Romance
Meryl Streep,Berlin Nights,2005,Peter Grant,Drama
Emma Watson,The Last Wind,2013,Grace Taylor,Historical
Al Pacino,The Tokyo Chronicles,1994,Andrew Long,Action
Matt Williams,Paris Legacy,2008,Steven King,Drama
Lupita Nyong'o,Return to Venice,2019,Amanda Hill,Thriller
Robert Downey Jr.,The Light Conspiracy,2000,Chris Brown,Thriller
Jason Statham,Chicago Forever,1996,Isabella Cruz,Romance
Pierce Brosnan,Golden Nights,2008,Nathan Drake,Romance
Tom Holland,Midnight in Silver,2024,Anna Johnson,Thriller
Matt Damon,Beyond Chicago,2007,Nina Patel,Adventure
Keanu Reeves,Edge of Wind,1994,David Stone,Action
Keanu Reeves,Venice Wars,2014,Sophie Davis,Drama
Lupita Nyong'o,Atlas Wars,2001,Jessica Lee,War
Mark Hamill,The Secret Golden,2018,Jessica Lee,Drama
Danai Gurira,Boston Forever,2017,Diana Ross,Comedy
Robert Downey Jr.,City of Water,1999,Sarah Connor,Drama
Tom Hardy,Fire Shadows,2004,Andrew Long,Mystery
Jason Statham,The Light Chronicles,2007,Catherine Bell,Action
Gal Gadot,Chicago Forever,1996,Marcus Black,Romance
Pierce Brosnan,The Paris Heist,1996,David Stone,Action
Ian McKellen,The Steel Protocol,2017,Marcus Black,Action
Harrison Ford,Beyond Wind,2000,Rachel Green,Adventure
Christian Bale,Berlin Rising,2003,Thomas Reed,Thriller
Margot Robbie,The London Conspiracy,1993,Emma Clarke,Drama
Lupita Nyong'o,The Manhattan Conspiracy,1995,Sophia Wells,Thriller
Emily Blunt,Midnight in Silver,2024,Henry Ford,Thriller
Natalie Portman,The Seattle Heist,2022,David Stone,Thriller
James Hong,Edge of Chicago,2010,James Anderson,Sci-Fi
Jason Momoa,Midnight in Golden,2013,Victoria Fox,Horror
Charlize Theron,The Atlas Heist,1998,David Stone,Crime
Laurence Fishburne,Steel Legacy,2003,Sophia Wells,Action
Danai Gurira,Boston Dreams,2004,James Anderson,Drama
Pierce Brosnan,Silver Legacy,2004,Kevin Adams,Action
Oscar Isaac,Atlas Nights,2002,Laura White,Drama
Zendaya,Silver Rising,2023,Henry Ford,Action
Scarlett Johansson,City of Miami,2016,Kate Wilson,Drama
Charlize Theron,London Wars,2002,Amanda Hill,Drama
Cillian Murphy,Moscow Shadows,2024,Lisa Martinez,Horror
Rupert Grint,Dark Legacy,2021,Chris Brown,Drama
Tom Cruise,The Atlas Chronicles,2024,Sophia Wells,Action
Leonardo DiCaprio,The Secret Moscow,2017,Lisa Martinez,Thriller
Domhnall Gleeson,The Secret London,2010,Sophia Wells,Mystery
Lupita Nyong'o,The Water Chronicles,2005,Kate Wilson,Fantasy
Scarlett Johansson,Beyond Paris,2002,Michael Chen,Adventure
Michelle Yeoh,Return to London,1999,Sarah Connor,Mystery
Tom Cruise,Edge of Berlin,2017,John Williams,Thriller
Jason Statham,The Light Affair,2002,Victoria Fox,Romance
Jada Pinkett Smith,The Light Chronicles,2007,Henry Ford,Action
Elizabeth Olsen,Moscow Forever,2001,Laura White,Drama
Morgan Freeman,The Paris Chronicles,1996,Jessica Lee,Fantasy
Jada Pinkett Smith,Edge of Phoenix,1990,Andrew Long,Thriller
Winston Duke,The Secret Tokyo,2022,Rebecca Lane,Mystery
Nicole Kidman,The Silver Protocol,2018,Lisa Martinez,Sci-Fi
Sigourney Weaver,City of Manhattan,2015,Grace Taylor,Thriller
Margot Robbie,London Dreams,2020,Amanda Hill,Romance
Florence Pugh,The Moscow Affair,1999,Samuel Brooks,Romance
Robert De Niro,The Cairo Project,2007,Samuel Brooks,Sci-Fi
Tom Holland,Miami Dreams,2021,Paul Jackson,Romance
Harold Ramis,The Secret Silver,1992,Samuel Brooks,Mystery
Mark Hamill,Venice Shadows,2020,Maria Garcia,Mystery
Hugo Weaving,Shadow Forever,2015,Sarah Connor,Drama
Ke Huy Quan,City of Atlas,2012,Olivia Hunt,Thriller
Dwayne Johnson,The Steel Protocol,2017,Sophie Davis,Action
Stephanie Hsu,The Moscow Project,2009,Catherine Bell,Sci-Fi
Scarlett Johansson,The Secret London,2010,Marcus Black,Mystery
Ke Huy Quan,Cairo Rising,1999,Henry Ford,Thriller
Ryan Gosling,The Mumbai Protocol,2001,Anna Johnson,Sci-Fi
Jason Statham,The Secret Boston,1999,Grace Taylor,Mystery
Mark Ruffalo,The Secret Berlin,2005,Steven King,Thriller
Margot Robbie,Return to Paris,2002,Olivia Hunt,Mystery
Elizabeth Olsen,Crystal Legacy,1992,Anna Johnson,Action
Samuel L. Jackson,Water Legacy,2011,Nina Patel,Drama
Carrie-Anne Moss,Shadow Rising,2005,Paul Jackson,Thriller
Scarlett Johansson,The Moscow Protocol,2015,Isabella Cruz,Thriller
Emma Watson,The Fire Protocol,2005,Anna Johnson,Action
Meryl Streep,Paris Forever,2018,Peter Grant,Drama
Julia Roberts,The Dark Project,1990,Maria Garcia,Thriller
Carrie Fisher,Mumbai Nights,2018,Thomas Reed,Drama
Bill Murray,Midnight in Manhattan,2004,Nathan Drake,Mystery
Morgan Freeman,Shadow Nights,2011,Emma Clarke,Romance
Chris Evans,Mumbai Forever,2023,Kevin Adams,Comedy
Robin Williams,Sydney Wars,2012,Thomas Reed,War
Gal Gadot,The Boston Protocol,2015,Sarah Connor,Action
Alan Rickman,The Paris Conspiracy,2013,Nina Patel,Thriller
Jake Gyllenhaal,Boston Shadows,2022,Sophie Davis,Mystery
Hugo Weaving,Return to Crystal,2011,Rebecca Lane,Thriller
Timothée Chalamet,The Wind Heist,2012,James Anderson,Crime
Bill Murray,Beyond Seattle,1996,Kevin Adams,Adventure
Winston Duke,Light Shadows,1990,Amanda Hill,Mystery
Leonardo DiCaprio,The Storm Protocol,2010,Michael Chen,Sci-Fi
Carrie-Anne Moss,The Crystal Heist,2023,Amanda Hill,Thriller
Stephanie Hsu,London Rising,1991,Nathan Drake,Action
Benedict Cumberbatch,Atlas Forever,2017,Kevin Adams,Drama
James Hong,The Paris Conspiracy,2013,Brian Scott,Thriller
Hugo Weaving,Crystal Shadows,2023,Andrew Long,Horror
Zendaya,Miami Dreams,2021,Victoria Fox,Romance
Gal Gadot,Tokyo Nights,2011,David Stone,Comedy
Angelina Jolie,Edge of Water,2017,Lisa Martinez,Action
Meryl Streep,Storm Rising,2022,Robert Miller,Thriller
Domhnall Gleeson,The Boston Conspiracy,2005,Catherine Bell,Thriller
Emily Blunt,Boston Nights,1998,Anna Johnson,Comedy
Will Smith,The Dark Project,1990,Andrew Long,Thriller
Gal Gadot,Midnight in Dark,2005,Robert Miller,Horror
Natalie Portman,The Light Heist,2004,Rebecca Lane,Crime
Vin Diesel,The Paris Project,2009,Nathan Drake,Sci-Fi
Timothée Chalamet,The Shadow Heist,2000,Thomas Reed,Thriller
Cate Blanchett,The Last Atlas,2003,Nina Patel,War
Margot Robbie,Manhattan Nights,2020,Nina Patel,Romance
Adam Driver,Light Wars,2021,Jack Mitchell,Action
Ryan Reynolds,The Water Chronicles,2005,Catherine Bell,Fantasy
Johnny Depp,Boston Shadows,2022,Sarah Connor,Mystery
Will Smith,Dark Legacy,2021,Kevin Adams,Drama
Emma Stone,Crystal Rising,2011,Nina Patel,Action
Hugh Jackman,The Dark Conspiracy,1992,Jessica Lee,Drama
Mark Ruffalo,The Water Protocol,1999,Diana Ross,Sci-Fi
Jamie Lee Curtis,City of Venice,1996,Jessica Lee,Drama
Emma Watson,The Steel Project,2006,Andrew Long,Sci-Fi
Keanu Reeves,The Cairo Conspiracy,2010,David Stone,Mystery
Matt Williams,The Last Crystal,2006,Samuel Brooks,Drama
Morgan Freeman,Fire Nights,2003,Marcus Black,Drama
Dan Aykroyd,Edge of Atlas,2024,Maria Garcia,Action
Scarlett Johansson,Beyond Boston,2019,Marcus Black,Sci-Fi
Pierce Brosnan,The Seattle Heist,2022,John Williams,Thriller
Carrie-Anne Moss,Dark Rising,2003,Victoria Fox,Thriller
James Hong,Water Wars,2024,Thomas Reed,War
Johnny Depp,Light Shadows,1990,Chris Brown,Mystery
Adam Driver,Crystal Rising,2011,Jessica Lee,Action
Letitia Wright,Diamond Rising,2020,Steven King,Action
Lupita Nyong'o,Atlas Shadows,2014,Andrew Long,Thriller
Morgan Freeman,City of Golden,2007,Alex Turner,Crime
Dan Aykroyd,Dark Wars,2021,Alex Turner,War
Leonardo DiCaprio,The Fire Heist,2022,Daniel Moore,Action
Maggie Smith,The Secret Chicago,2020,Samuel Brooks,Drama
Morgan Freeman,Mumbai Wars,2015,Rebecca Lane,War
Rupert Grint,The London Affair,2009,Andrew Long,Romance
Natalie Portman,Tokyo Legacy,2013,Rebecca Lane,Adventure
Maggie Smith,Return to Storm,2017,Chris Brown,Mystery
Maggie Smith,Phoenix Shadows,1997,Michael Chen,Mystery
Carrie-Anne Moss,Edge of Atlas,2024,Amanda Hill,Action
Vin Diesel,The Crystal Heist,2023,Jack Mitchell,Thriller
Alan Rickman,The Water Affair,2022,Peter Grant,Mystery
Orlando Bloom,The Atlas Project,2013,Victoria Fox,Thriller
Cillian Murphy,The Cairo Project,2007,Andrew Long,Sci-Fi
Matt Williams,The Dark Heist,2022,Maria Garcia,Thriller
Matt Williams,The Last Seattle,2008,Daniel Moore,Drama
Andy Serkis,Return to Diamond,2001,Olivia Hunt,Drama
Jason Momoa,The Silver Conspiracy,1994,Maria Garcia,Mystery
John Boyega,The Secret Seattle,2014,Marcus Black,Drama
Chris Hemsworth,The Diamond Heist,1997,Lisa Martinez,Crime
Danai Gurira,The Last Cairo,2000,Kate Wilson,War
Lupita Nyong'o,The Seattle Conspiracy,2008,Laura White,Drama
Oscar Isaac,The Last Storm,2016,Rachel Green,War
Tom Hardy,Beyond Sydney,2021,John Williams,Sci-Fi
Meryl Streep,The Last Thunder,1994,Rebecca Lane,War
Lupita Nyong'o,The Secret Seattle,2014,Sophia Wells,Drama
Hugo Weaving,Shadow Nights,2011,Michael Chen,Romance
Florence Pugh,Venice Wars,2014,Michael Chen,Drama
Adam Driver,Midnight in Storm,1998,Maria Garcia,Mystery
Christian Bale,The Secret Golden,2018,Henry Ford,Drama
Letitia Wright,The Chicago Affair,1990,Sophia Wells,Romance
Jennifer Lawrence,The Miami Protocol,1996,Sophie Davis,Thriller
Harold Ramis,The Moscow Conspiracy,2008,Maria Garcia,Thriller
Gal Gadot,Beyond Paris,2002,Nathan Drake,Adventure
Matt Damon,Wind Wars,1997,Amanda Hill,War
Ryan Reynolds,The Diamond Conspiracy,2012,Chris Brown,Mystery
Kate Winslet,Light Nights,1995,Steven King,Romance
Jason Statham,Phoenix Shadows,1997,Nina Patel,Mystery
Kate Winslet,The Silver Project,2018,Catherine Bell,Sci-Fi
Alan Rickman,Phoenix Shadows,1997,Jack Mitchell,Mystery
Daniel Radcliffe,The Storm Protocol,2010,Kate Wilson,Sci-Fi
Keanu Reeves,The Water Project,2013,Alex Turner,Drama
Mark Hamill,Water Rising,2008,Isabella Cruz,Action
Jake Gyllenhaal,Return to Seattle,2021,Anna Johnson,Mystery
Emma Watson,Seattle Forever,2010,Paul Jackson,Drama
Laurence Fishburne,The Last Tokyo,1994,Peter Grant,Drama
Paul Rudd,The Secret Shadow,2019,Lisa Martinez,Mystery
Dan Aykroyd,Return to Silver,1997,Michael Chen,Drama
Benedict Cumberbatch,Edge of Silver,2002,Rebecca Lane,Sci-Fi
Orlando Bloom,The Tokyo Protocol,2012,Michael Chen,Thriller
Anne Hathaway,The Sydney Project,2011,Andrew Long,Sci-Fi
Chris Pratt,Wind Legacy,2001,Nathan Drake,Action
Robert Downey Jr.,The Iron Conspiracy,2005,Jack Mitchell,Mystery
Amy Adams,The Secret Berlin,2005,David Stone,Thriller
Michael B. Jordan,The Secret Sydney,1997,David Stone,Mystery
Winston Duke,The Last Crystal,2006,Andrew Long,Drama
Stephanie Hsu,Midnight in Storm,1998,Catherine Bell,Mystery
Robert Downey Jr.,Beyond Berlin,1994,Maria Garcia,Sci-Fi
Hugo Weaving,Edge of Cairo,1994,Peter Grant,Thriller
Winston Duke,Edge of Moscow,1996,Laura White,Thriller
Amy Adams,Beyond Paris,2002,Paul Jackson,Adventure
Ryan Reynolds,Manhattan Rising,2011,Rebecca Lane,Action
Laurence Fishburne,Light Forever,2010,Diana Ross,Drama
Julia Roberts,The Miami Project,1999,Kevin Adams,Thriller
Jason Statham,The Seattle Heist,2022,Kate Wilson,Thriller
Chris Pratt,The Water Conspiracy,1992,Brian Scott,Drama
Leonardo DiCaprio,Thunder Dreams,1998,Laura White,Romance
Alan Rickman,Edge of Water,2017,Jack Mitchell,Action
Ezra Miller,Dark Legacy,2021,Maria Garcia,Drama
Zendaya,Midnight in Water,2019,Grace Taylor,Thriller
Christian Bale,Edge of Berlin,2017,Lisa Martinez,Thriller
Rupert Grint,Cairo Legacy,2009,Grace Taylor,Drama
Sandra Bullock,The Last Manhattan,1999,Marcus Black,War
Scarlett Johansson,Moscow Legacy,1994,Olivia Hunt,Adventure
Danai Gurira,Storm Wars,2022,Jack Mitchell,Action
Hugo Weaving,City of Chicago,1993,Laura White,Thriller
Hugh Jackman,Return to Diamond,2001,Olivia Hunt,Drama
Mark Hamill,Cairo Wars,2001,Peter Grant,War
Sally Field,Berlin Forever,2008,David Stone,Drama
Cillian Murphy,The Secret Silver,1992,Isabella Cruz,Mystery
James Hong,The Shadow Chronicles,1992,Chris Brown,Action
Scarlett Johansson,The Seattle Heist,2022,Michael Chen,Thriller
Letitia Wright,Paris Shadows,2010,Maria Garcia,Horror
Robert Downey Jr.,The Dark Chronicles,2018,Catherine Bell,Action
Bill Murray,Thunder Dreams,1998,Jack Mitchell,Romance
Leonardo DiCaprio,The Last Sydney,2014,Robert Miller,Drama
Emily Blunt,Atlas Shadows,2014,Samuel Brooks,Thriller
Scarlett Johansson,Return to Tokyo,2004,John Williams,Thriller
Carrie-Anne Moss,Wind Legacy,2001,Laura White,Action
Meryl Streep,Golden Shadows,1998,Isabella Cruz,Horror
Scarlett Johansson,Tokyo Shadows,1992,Emma Clarke,Mystery
Danai Gurira,Steel Rising,2013,Amanda Hill,Thriller
Bill Murray,Golden Forever,2016,Sophie Davis,Romance
Harold Ramis,Thunder Rising,1991,Maria Garcia,Action
Tom Hanks,The Diamond Project,2023,Alex Turner,Sci-Fi
Emma Stone,Dark Dreams,2019,Kevin Adams,Fantasy
Orlando Bloom,Phoenix Shadows,1997,Jack Mitchell,Mystery
Daisy Ridley,The Sydney Project,2011,Michael Chen,Sci-Fi
Robin Williams,Steel Wars,2000,Nathan Drake,Action
Stephanie Hsu,Midnight in Shadow,2011,Diana Ross,Thriller
Daisy Ridley,Dark Nights,1996,John Williams,Romance
Robert Downey Jr.,The Golden Chronicles,1992,Sarah Connor,Fantasy
Elijah Wood,Dark Legacy,2021,Nathan Drake,Drama
Ryan Reynolds,Edge of Silver,2002,Catherine Bell,Sci-Fi
Matt Damon,Cairo Wars,2001,Jessica Lee,War
Michael B. Jordan,City of Fire,2003,Jack Mitchell,Drama
Oscar Isaac,Silver Rising,2023,Paul Jackson,Action
Amy Adams,Water Shadows,2014,Chris Brown,Thriller
Ke Huy Quan,City of Miami,2016,Steven King,Drama
Sean Astin,City of Venice,1996,Steven King,Drama
Ernie Hudson,The Seattle Chronicles,2002,Kevin Adams,Fantasy
Alan Rickman,Return to Chicago,2006,Diana Ross,Thriller
Jennifer Lawrence,London Rising,1991,James Anderson,Action
Sigourney Weaver,The Last Berlin,1995,Sophia Wells,Historical
Tom Holland,The Chicago Heist,1993,Kate Wilson,Crime
Hugh Jackman,Return to Tokyo,2004,Chris Brown,Thriller
Tom Hardy,Wind Nights,2001,John Williams,Romance
Tom Hanks,The Berlin Protocol,2005,Nathan Drake,Thriller
Hugh Jackman,The Water Project,2013,Kate Wilson,Drama
Chris Pratt,Return to Silver,1997,Jack Mitchell,Drama
Natalie Portman,Edge of Miami,2013,Nathan Drake,Thriller
Margot Robbie,London Dreams,2020,Diana Ross,Romance
Carrie-Anne Moss,The Last Light,2000,Brian Scott,War
Ezra Miller,The Cairo Heist,2018,Diana Ross,Crime
Cate Blanchett,Dark Legacy,2021,Alex Turner,Drama
Paul Rudd,Seattle Nights,2001,Jessica Lee,Comedy
Robin Williams,Beyond Light,2008,Henry Ford,Adventure
Kate Winslet,Storm Rising,2022,Kevin Adams,Thriller
Meryl Streep,Diamond Dreams,2024,Kate Wilson,Romance
Jason Momoa,Light Rising,2019,Nathan Drake,Sci-Fi
John Boyega,Atlas Shadows,2014,Nina Patel,Thriller
Sigourney Weaver,Mumbai Dreams,2020,David Stone,Drama
Andy Serkis,The Mumbai Chronicles,2010,Alex Turner,Adventure
Sean Astin,Edge of Phoenix,1990,James Anderson,Thriller
Morgan Freeman,Mumbai Legacy,2019,Diana Ross,Drama
Robert De Niro,The Shadow Chronicles,1992,Steven King,Action
Denzel Washington,Midnight in Mumbai,2018,Andrew Long,Thriller
Matthew Broderick,City of Light,2009,Brian Scott,Thriller
Tom Hardy,The Secret Steel,2008,Alex Turner,Mystery
Lupita Nyong'o,The Last Golden,2001,Chris Brown,Drama
Chris Pratt,The Last Chicago,2004,Sophia Wells,Historical
Robert De Niro,The Last Shadow,2019,James Anderson,War
Samuel L. Jackson,Chicago Forever,1996,Diana Ross,Romance
Christian Bale,City of Cairo,2014,Rachel Green,Drama
Jake Gyllenhaal,The Last Moscow,2016,Nathan Drake,Drama
Rupert Grint,The Paris Conspiracy,2013,Nathan Drake,Thriller
Morgan Freeman,The Moscow Protocol,2015,Chris Brown,Thriller
Jake Gyllenhaal,The Atlas Chronicles,2024,Kate Wilson,Action
Scarlett Johansson,Iron Nights,2013,Laura White,Comedy
Benedict Cumberbatch,The Sydney Heist,2004,Victoria Fox,Thriller
James Hong,The Seattle Protocol,2003,Marcus Black,Action
Florence Pugh,Beyond Dark,1997,Chris Brown,Fantasy
Carrie Fisher,Light Rising,2019,James Anderson,Sci-Fi
Bill Murray,Shadow Nights,2011,Nathan Drake,Romance
Ian McKellen,The Shadow Chronicles,1992,Chris Brown,Action
Scarlett Johansson,Beyond Mumbai,1996,Robert Miller,Fantasy
Laurence Fishburne,The Berlin Conspiracy,2013,Samuel Brooks,Drama
Tom Holland,The Cairo Heist,2018,Kate Wilson,Crime
Bill Murray,The Secret Seattle,2014,Anna Johnson,Drama
Christian Bale,Edge of Dark,2000,Laura White,Action
Emily Blunt,Beyond Light,2008,Catherine Bell,Adventure
Jamie Lee Curtis,Chicago Nights,2011,Kate Wilson,Comedy
James Hong,The Paris Heist,1996,Marcus Black,Action
Matthew Broderick,The Fire Heist,2022,Diana Ross,Action
Viggo Mortensen,Return to Cairo,1995,Steven King,Mystery
Carrie Fisher,The Steel Affair,2010,Lisa Martinez,Drama
Scarlett Johansson,The Sydney Affair,2020,Amanda Hill,Drama
Zendaya,Iron Wars,2007,Samuel Brooks,War
Letitia Wright,The Boston Conspiracy,2005,Sophie Davis,Thriller
Christian Bale,Atlas Nights,2002,Robert Miller,Drama
Jason Momoa,Midnight in Tokyo,2002,Anna Johnson,Horror
Scarlett Johansson,Chicago Forever,1996,Nathan Drake,Romance
Matt Damon,Return to Paris,2002,Lisa Martinez,Mystery
Hugo Weaving,Chicago Rising,2019,John Williams,Action
Jennifer Lawrence,The Berlin Chronicles,2004,Sophia Wells,Action
Danai Gurira,Atlas Legacy,2021,Sophie Davis,Adventure
Dwayne Johnson,Beyond Thunder,2023,Sophia Wells,Sci-Fi
Orlando Bloom,The Secret Thunder,1998,Daniel Moore,Drama
Maggie Smith,Wind Rising,2005,Robert Miller,Thriller
Andy Serkis,The Wind Heist,2012,James Anderson,Crime
Zendaya,Thunder Dreams,1998,Marcus Black,Romance
Ian McKellen,The Last Boston,1999,James Anderson,Historical
Johnny Depp,Return to Tokyo,2004,Brian Scott,Thriller
Ezra Miller,Dark Shadows,2006,Nina Patel,Horror
Adam Driver,Wind Forever,2016,Sophie Davis,Drama
Leonardo DiCaprio,Berlin Legacy,2019,John Williams,Adventure
Stephanie Hsu,The Last Atlas,2003,Marcus Black,War
Adam Driver,The Silver Chronicles,2013,Jessica Lee,Fantasy
Keanu Reeves,Midnight in Dark,2005,Sophia Wells,Horror
Daniel Radcliffe,The Wind Affair,2024,Emma Clarke,Drama
Natalie Portman,The Seattle Conspiracy,2008,Kevin Adams,Drama
Samuel L. Jackson,London Legacy,2001,Kevin Adams,Action
Adam Driver,The Crystal Project,2016,Jack Mitchell,Sci-Fi
Tom Holland,The Last Steel,1992,Rachel Green,Historical
Oscar Isaac,The Chicago Heist,1993,Jessica Lee,Crime
Matt Williams,Crystal Dreams,2011,Kate Wilson,Fantasy
Ryan Reynolds,The Atlas Protocol,2001,John Williams,Action
Danai Gurira,Beyond Light,2008,Daniel Moore,Adventure
Tom Hanks,The Secret Manhattan,2015,Olivia Hunt,Thriller
Angelina Jolie,The Last Fire,2007,Jessica Lee,Drama
Robert De Niro,Beyond Golden,1994,Sophia Wells,Sci-Fi
Dan Aykroyd,Miami Legacy,2006,Kate Wilson,Drama
Pierce Brosnan,The Iron Conspiracy,2005,Amanda Hill,Mystery
Chris Hemsworth,Moscow Wars,1998,Brian Scott,Action
Angelina Jolie,The Secret Sydney,1997,Andrew Long,Mystery
Pierce Brosnan,Return to Shadow,2005,Alex Turner,Drama
Elijah Wood,Sydney Rising,2009,Steven King,Action
Ezra Miller,The Thunder Heist,1993,Nina Patel,Crime
Denzel Washington,Edge of Silver,2002,Kate Wilson,Sci-Fi
Jason Statham,Moscow Rising,2024,Laura White,Thriller
Sandra Bullock,Return to Seattle,2021,Alex Turner,Mystery
Matt Williams,Beyond Iron,2006,Robert Miller,Sci-Fi
Ryan Reynolds,Shadow Wars,2024,Jack Mitchell,Action
Pierce Brosnan,The Fire Project,2002,Thomas Reed,Sci-Fi
Keanu Reeves,Return to Storm,2017,Marcus Black,Mystery
Michelle Yeoh,The Steel Chronicles,1999,Alex Turner,Action
Meryl Streep,The Secret Paris,2008,Paul Jackson,Drama
Ryan Gosling,Return to Venice,2019,Michael Chen,Thriller
Zoe Saldana,Seattle Dreams,2019,Brian Scott,Fantasy
Tom Holland,Beyond Mumbai,1996,Marcus Black,Fantasy
Leonardo DiCaprio,Edge of Mumbai,2003,Diana Ross,Thriller
Michael B. Jordan,The Steel Protocol,2017,Victoria Fox,Action
Robin Williams,Venice Wars,2014,Rachel Green,Drama
Viggo Mortensen,Diamond Wars,2007,Grace Taylor,Action
Mark Ruffalo,Light Wars,2021,Laura White,Action
Pierce Brosnan,The Paris Affair,1995,Amanda Hill,Mystery
Rupert Grint,London Shadows,1995,Olivia Hunt,Horror
Ryan Reynolds,The Secret Chicago,2020,Olivia Hunt,Drama
Stephanie Hsu,Midnight in Atlas,2022,David Stone,Mystery
Robert Downey Jr.,Water Shadows,2014,Kate Wilson,Thriller
Lupita Nyong'o,The Silver Heist,2010,Lisa Martinez,Action
Emily Blunt,The Diamond Project,2023,Steven King,Sci-Fi
Keanu Reeves,Manhattan Dreams,2014,Marcus Black,Fantasy
Sigourney Weaver,The Seattle Conspiracy,2008,Paul Jackson,Drama
Cillian Murphy,Boston Rising,2006,John Williams,Action
Matt Damon,The Sydney Chronicles,2005,Jessica Lee,Action
Jason Statham,The Golden Protocol,2015,Laura White,Thriller
James Hong,Crystal Legacy,1992,Chris Brown,Action
Pierce Brosnan,Diamond Forever,2012,Lisa Martinez,Romance
Orlando Bloom,The Secret Berlin,2005,Jessica Lee,Thriller
Carrie Fisher,Storm Wars,2022,Steven King,Action
Elijah Wood,City of Paris,2011,Samuel Brooks,Drama
Timothée Chalamet,Paris Shadows,2010,Samuel Brooks,Horror
Hugh Jackman,Midnight in Venice,2016,Steven King,Horror
Elizabeth Olsen,Dark Forever,2018,John Williams,Comedy
Keanu Reeves,Silver Wars,2022,Samuel Brooks,Drama
Johnny Depp,Edge of Manhattan,2001,Jessica Lee,Action
Al Pacino,The Dark Heist,2022,Sophie Davis,Thriller
Cillian Murphy,Chicago Dreams,2005,Michael Chen,Drama
Ian McKellen,Midnight in Diamond,1994,Sarah Connor,Mystery
Carrie-Anne Moss,The Seattle Project,1994,Rachel Green,Sci-Fi
Tom Cruise,Sydney Shadows,2024,Henry Ford,Mystery
Michelle Yeoh,The Last Manhattan,1999,Catherine Bell,War
Matt Williams,Shadow Dreams,2015,Brian Scott,Drama
Zoe Saldana,The Miami Affair,2020,Andrew Long,Mystery
Emily Blunt,Midnight in Paris,1996,Amanda Hill,Mystery
Elijah Wood,The Last Tokyo,1994,Sophie Davis,Drama
Jason Momoa,Light Dreams,2018,Nina Patel,Drama
Jason Momoa,The Shadow Protocol,1998,Alex Turner,Action
Robin Williams,The Tokyo Project,2006,Kevin Adams,Thriller
Lupita Nyong'o,Midnight in Tokyo,2002,Kevin Adams,Horror
Denzel Washington,Beyond Golden,1994,Michael Chen,Sci-Fi
Harrison Ford,City of Shadow,1999,Kate Wilson,Drama
Denzel Washington,Shadow Rising,2005,Chris Brown,Thriller
Johnny Depp,The Mumbai Affair,2000,Rachel Green,Mystery
Stephanie Hsu,Paris Dreams,1996,Sophie Davis,Fantasy
Jamie Lee Curtis,The Shadow Project,1992,Daniel Moore,Thriller
Andy Serkis,Midnight in Iron,2018,David Stone,Mystery
Chris Pratt,City of Light,2009,Lisa Martinez,Thriller
Elizabeth Olsen,The Phoenix Conspiracy,2000,Marcus Black,Mystery
Robert De Niro,City of Manhattan,2015,Brian Scott,Thriller
Timothée Chalamet,The Mumbai Chronicles,2010,Samuel Brooks,Adventure
John Boyega,Venice Forever,2024,Lisa Martinez,Comedy
Will Smith,The Last Water,2002,Brian Scott,Drama
Jake Gyllenhaal,The Water Affair,2022,Jack Mitchell,Mystery
Denzel Washington,Edge of Cairo,1994,Sophia Wells,Thriller
Tom Hardy,London Legacy,2001,Rebecca Lane,Action
Ezra Miller,City of Chicago,1993,Sarah Connor,Thriller
Oscar Isaac,Beyond Golden,1994,Emma Clarke,Sci-Fi
Chris Hemsworth,Midnight in Boston,2022,Grace Taylor,Horror
Hugo Weaving,Storm Nights,2018,John Williams,Comedy
Danai Gurira,The Crystal Heist,2023,Andrew Long,Thriller
Amy Adams,Return to Light,1993,Isabella Cruz,Thriller
James Hong,The Secret Venice,2011,Nina Patel,Thriller
Hugh Jackman,City of Cairo,2014,Jack Mitchell,Drama
Ryan Reynolds,City of Water,1999,Brian Scott,Drama
Natalie Portman,Mumbai Legacy,2019,James Anderson,Drama
Orlando Bloom,The Paris Heist,1996,Thomas Reed,Action
Kate Winslet,Beyond London,2007,John Williams,Adventure
Carrie-Anne Moss,Midnight in Mumbai,2018,Jack Mitchell,Thriller
Matthew Broderick,Diamond Wars,2007,Daniel Moore,Action
Elijah Wood,Midnight in Golden,2013,Marcus Black,Horror
Paul Rudd,City of Venice,1996,Diana Ross,Drama
Elizabeth Olsen,Return to Diamond,2001,Kevin Adams,Drama
Mark Hamill,The Water Chronicles,2005,John Williams,Fantasy
Zendaya,Edge of Mumbai,2003,Marcus Black,Thriller
Cate Blanchett,The Water Affair,2022,Brian Scott,Mystery
Jake Gyllenhaal,Shadow Legacy,2020,Sophie Davis,Adventure
Amy Adams,The Atlas Affair,2011,Isabella Cruz,Drama
Maggie Smith,Beyond Boston,2019,Alex Turner,Sci-Fi
Benedict Cumberbatch,Paris Nights,2018,Samuel Brooks,Drama
Viggo Mortensen,Golden Nights,2008,Chris Brown,Romance
Adam Driver,The Iron Project,2022,Nathan Drake,Sci-Fi
Bill Murray,The Golden Conspiracy,2017,Grace Taylor,Mystery
Robert De Niro,The Last Iron,2009,Rachel Green,Historical
Domhnall Gleeson,Dark Shadows,2006,Olivia Hunt,Horror
Orlando Bloom,Return to Manhattan,1990,Lisa Martinez,Mystery
Al Pacino,Midnight in Paris,1996,Sophie Davis,Mystery
Jamie Lee Curtis,Return to Diamond,2001,Alex Turner,Drama
Adam Driver,Tokyo Legacy,2013,Lisa Martinez,Adventure
Morgan Freeman,Silver Rising,2023,Maria Garcia,Action
Tom Cruise,The Mumbai Protocol,2001,Sophia Wells,Sci-Fi
Jason Momoa,Beyond Silver,2011,Jack Mitchell,Fantasy
Sally Field,The Dark Affair,2024,Samuel Brooks,Mystery
Denzel Washington,Return to Wind,1991,Chris Brown,Thriller
Paul Rudd,The Water Affair,2022,Kevin Adams,Mystery
Chris Hemsworth,Light Nights,1995,Samuel Brooks,Romance
Tom Hanks,The Manhattan Affair,1990,Nina Patel,Romance
Winston Duke,The Shadow Project,1992,Alex Turner,Thriller
Timothée Chalamet,The Iron Project,2022,Maria Garcia,Sci-Fi
Paul Rudd,The Secret Phoenix,1997,Sophia Wells,Thriller
Harold Ramis,The Fire Affair,2002,Sarah Connor,Romance
Tom Hardy,Beyond Storm,1992,Rachel Green,Sci-Fi
Mark Hamill,Silver Dreams,2023,Jessica Lee,Fantasy
Adam Driver,Storm Wars,2022,Laura White,Action
Matthew Broderick,The Secret Storm,1991,Chris Brown,Mystery
Margot Robbie,The Shadow Heist,2000,David Stone,Thriller
Pierce Brosnan,The Diamond Heist,1997,Samuel Brooks,Crime
Matt Williams,The Miami Project,1999,Lisa Martinez,Thriller
Florence Pugh,The Sydney Chronicles,2005,Isabella Cruz,Action
Robin Williams,City of Golden,2007,Robert Miller,Crime
Vin Diesel,Edge of Crystal,2000,David Stone,Thriller
Hugh Jackman,The Light Project,2017,Amanda Hill,Sci-Fi
Johnny Depp,Beyond Phoenix,2001,Paul Jackson,Sci-Fi
Lupita Nyong'o,The Sydney Conspiracy,2005,Henry Ford,Thriller
Jamie Lee Curtis,Tokyo Shadows,1992,Nina Patel,Mystery
Emma Watson,Iron Dreams,2010,Rebecca Lane,Drama
Anne Hathaway,The Seattle Protocol,2003,Amanda Hill,Action
Lupita Nyong'o,The Secret Wind,2024,John Williams,Thriller
Amy Adams,Venice Rising,1993,Alex Turner,Sci-Fi
Ernie Hudson,Edge of Sydney,1991,Catherine Bell,Thriller
Maggie Smith,Return to Diamond,2001,Sarah Connor,Drama
Meryl Streep,Seattle Wars,2021,Isabella Cruz,War
Timothée Chalamet,Midnight in Phoenix,2016,Lisa Martinez,Horror
Mark Hamill,Shadow Rising,2005,Catherine Bell,Thriller
Maggie Smith,The Fire Heist,2022,Emma Clarke,Action
Denzel Washington,The Manhattan Chronicles,1992,Andrew Long,Action
Ernie Hudson,Manhattan Dreams,2014,John Williams,Fantasy
Johnny Depp,London Shadows,1995,Jack Mitchell,Horror
Jada Pinkett Smith,The Secret Chicago,2020,Steven King,Drama
Chris Evans,The Moscow Protocol,2015,Catherine Bell,Thriller
Pierce Brosnan,The Phoenix Protocol,2014,Thomas Reed,Sci-Fi
Christian Bale,The Seattle Protocol,2003,James Anderson,Action
Paul Rudd,The Phoenix Affair,1990,Kate Wilson,Romance
Elizabeth Olsen,The Venice Protocol,1998,Catherine Bell,Sci-Fi
Orlando Bloom,Return to Silver,1997,Rachel Green,Drama
Cate Blanchett,Beyond Atlas,2018,Maria Garcia,Adventure
Carrie-Anne Moss,Midnight in Steel,2020,Robert Miller,Mystery
Dan Aykroyd,City of Tokyo,1992,Rachel Green,Thriller
Cillian Murphy,The Fire Affair,2002,Olivia Hunt,Romance
Danai Gurira,Boston Wars,2014,Henry Ford,War
Hugh Jackman,The Boston Affair,1992,Peter Grant,Drama
Johnny Depp,The Mumbai Conspiracy,1993,Samuel Brooks,Thriller
Cillian Murphy,Midnight in Thunder,1991,Peter Grant,Thriller
Harold Ramis,Midnight in Silver,2024,Kate Wilson,Thriller
Will Smith,The Fire Project,2002,David Stone,Sci-Fi
Dwayne Johnson,The Venice Heist,2013,Sophie Davis,Thriller
Matt Williams,Chicago Wars,2017,Victoria Fox,War
Tom Hanks,Diamond Legacy,2017,Rebecca Lane,Action
Jason Statham,Storm Dreams,2021,Sophia Wells,Romance
Alan Rickman,Miami Wars,2022,Anna Johnson,War
Ezra Miller,The Iron Affair,1993,Nina Patel,Mystery
Will Smith,Midnight in Berlin,2020,Anna Johnson,Mystery
Dwayne Johnson,The Silver Conspiracy,1994,Alex Turner,Mystery
Daniel Radcliffe,Edge of Miami,2013,Sarah Connor,Thriller
Daisy Ridley,Return to Manhattan,1990,David Stone,Mystery
Matt Williams,The Secret Seattle,2014,Chris Brown,Drama
Ryan Reynolds,Thunder Forever,2014,Alex Turner,Romance
Tom Hardy,London Forever,1998,Amanda Hill,Comedy
Hugo Weaving,Berlin Dreams,2024,Maria Garcia,Fantasy
Hugo Weaving,Boston Dreams,2004,Nina Patel,Drama
Ernie Hudson,Return to Sydney,1991,Jessica Lee,Mystery
Robin Williams,The Last Berlin,1995,Henry Ford,Historical
Emma Watson,Crystal Forever,2024,John Williams,Drama
Denzel Washington,The Secret London,2010,Victoria Fox,Mystery
Vin Diesel,Golden Shadows,1998,Laura White,Horror
Emma Stone,The Secret Shadow,2019,Kevin Adams,Mystery
Keanu Reeves,The Boston Protocol,2015,Isabella Cruz,Action
Robin Williams,Wind Dreams,1992,Amanda Hill,Fantasy
Elijah Wood,The Tokyo Project,2006,Emma Clarke,Thriller
Robert Downey Jr.,The Water Protocol,1999,Steven King,Sci-Fi
Andy Serkis,Beyond Seattle,1996,Paul Jackson,Adventure
Hugo Weaving,The Dark Affair,2024,Jack Mitchell,Mystery
Chris Evans,The Last Berlin,1995,Victoria Fox,Historical
Carrie Fisher,Beyond Water,1998,Rebecca Lane,Fantasy
Keanu Reeves,Beyond Berlin,1994,James Anderson,Sci-Fi
Mark Hamill,The Water Protocol,1999,Thomas Reed,Sci-Fi
Orlando Bloom,Boston Dreams,2004,Brian Scott,Drama
Margot Robbie,The Berlin Protocol,2005,Victoria Fox,Thriller
Jennifer Lawrence,Miami Legacy,2006,Chris Brown,Drama
Elizabeth Olsen,The Dark Heist,2022,Grace Taylor,Thriller
Charlize Theron,Beyond Crystal,2018,Grace Taylor,Sci-Fi
Domhnall Gleeson,Fire Nights,2003,Jessica Lee,Drama
Emily Blunt,City of Seattle,2022,Nathan Drake,Drama
Pierce Brosnan,City of Wind,2017,Grace Taylor,Drama
Denzel Washington,The Crystal Heist,2023,David Stone,Thriller
Denzel Washington,Crystal Forever,2024,Kevin Adams,Drama
Chris Hemsworth,The Last Storm,2016,Sarah Connor,War
Keanu Reeves,The Silver Heist,2010,James Anderson,Action
Daniel Radcliffe,The Cairo Heist,2018,Laura White,Crime
Nicole Kidman,The Secret Moscow,2017,Michael Chen,Thriller
Christian Bale,The Seattle Affair,1996,Diana Ross,Drama
Carrie Fisher,City of Storm,2022,Jack Mitchell,Crime
Samuel L. Jackson,The Atlas Conspiracy,2024,Grace Taylor,Thriller
Hugh Jackman,The Crystal Project,2016,Diana Ross,Sci-Fi
Brad Pitt,The Seattle Conspiracy,2008,Grace Taylor,Drama
Adam Driver,Beyond Seattle,1996,Lisa Martinez,Adventure
Elijah Wood,Paris Wars,1994,Nina Patel,Drama
